name,phone,email,address,city
Jordan Norton,(656) 589-4641,nunc.nulla.vulputate@aol.ca,Ap #210-1059 Aliquet. St.,Montluçon
Grady Flores,(927) 852-0271,feugiat.metus@protonmail.edu,"Ap #193-4173 Montes, Street",Huacho
Cole Meadows,(354) 257-3781,sed.et.libero@aol.ca,"P.O. Box 188, 2156 Cursus. St.",Bergen op Zoom
Shay Dotson,1-842-711-1937,vel.nisl@aol.edu,"5644 A, Rd.",Durban
Drew Norman,1-443-740-5838,arcu.nunc@google.couk,Ap #299-7164 Fringilla St.,Marina East
Brenna Ward,1-451-604-5652,ornare.egestas@aol.couk,"P.O. Box 947, 3618 Maecenas Ave",Semarang
Colton Mccarty,1-545-756-0258,felis@google.org,483-8528 Semper Avenue,Watson Lake
Giselle Blankenship,1-578-671-0586,aliquam.auctor.velit@outlook.couk,Ap #140-2409 Nec Rd.,Palu
Kenneth Leon,(721) 636-2832,vel.venenatis.vel@icloud.com,113-1074 Dolor Av.,Pinkafeld
Aladdin Lara,(185) 246-5884,eget.ipsum.donec@protonmail.couk,589-7573 Pellentesque Rd.,Cotabato City
Wade Herrera,1-498-335-1573,cum.sociis@hotmail.com,"298-5518 Lorem, Rd.",Barranca
Amery Hardy,1-931-608-3255,nisl.elementum.purus@aol.ca,"157-130 Elit, Rd.",Jamshedpur
Marshall Welch,(876) 454-7921,nec.enim@google.com,Ap #170-4274 Nec Road,Murree
Vaughan Hull,1-155-678-8359,ac.ipsum@icloud.com,Ap #294-5200 Ligula. Av.,Tanjung Pinang
Louis Booth,(671) 446-7167,sem.magna.nec@hotmail.ca,886-3539 Sed Road,Belfast
Barry Huff,(725) 472-8257,ac.orci.ut@hotmail.net,"P.O. Box 528, 5652 Egestas Street",Tire
Elmo Hall,1-776-637-2344,et.malesuada@aol.net,175-9776 Egestas Ave,Los Mochis
Freya Lang,(531) 661-4228,at.velit@outlook.com,572-1020 Lorem St.,Timaru
Noel Harper,1-522-877-7456,convallis.dolor@outlook.couk,"P.O. Box 526, 9082 Auctor Rd.",Częstochowa
Harlan Ross,1-110-331-1236,volutpat.ornare@hotmail.edu,"P.O. Box 744, 6369 Scelerisque Rd.",Crehen
Curran Robles,1-871-182-0875,integer.mollis@hotmail.net,Ap #830-8552 Sapien. Street,Vöcklabruck
Remedios Hayden,(856) 851-3400,tristique@google.org,Ap #678-6035 Vel Ave,Fuenlabrada
Aladdin Giles,1-234-684-1332,tellus.nunc.lectus@protonmail.com,Ap #902-7288 Nibh St.,Kidapawan
Bevis Watkins,1-725-118-2050,convallis.in.cursus@google.com,678-5914 Orci. Street,Gaziantep
Amir Jensen,(309) 856-7492,integer.eu@icloud.edu,141-8862 Curabitur Av.,Chungju
Lynn David,(925) 227-8652,ante.maecenas@icloud.couk,"Ap #658-7944 Non, Street",San Luis Río Colorado
Frances Dalton,1-221-616-4166,maecenas.ornare@protonmail.net,Ap #181-3815 Orci Avenue,Bremen
Elliott Fisher,1-612-314-1367,gravida.molestie.arcu@yahoo.ca,914-9032 Laoreet St.,Tamworth
Lacota Salazar,(311) 387-9722,ut@icloud.org,Ap #929-6881 Faucibus Ave,San Francisco
Felicia Boyle,1-672-527-2658,et@google.couk,831 Aliquet. Ave,Vorst
Thane Harmon,1-634-914-2502,nisl.maecenas@outlook.com,477-7724 Leo. Road,Villa del Rosario
Lawrence Sanford,1-633-909-8597,dolor.nonummy@icloud.couk,"P.O. Box 446, 7695 Montes, Road",Edinburgh
Hamish Lowery,(280) 951-1856,lectus.convallis@hotmail.org,Ap #497-8374 Sagittis Rd.,Mexico City
Rhea Mclaughlin,(653) 521-6517,non.justo@google.com,"Ap #463-8232 Congue, St.",Boise
Alice Morin,(337) 550-1955,orci.adipiscing.non@protonmail.org,Ap #408-8530 Suspendisse Rd.,Turrialba
Kelly Larson,(658) 494-5828,ac@protonmail.org,883-8094 Nec Av.,Okigwe
Tate Morrison,(433) 215-2315,lorem@google.edu,Ap #207-1216 Arcu St.,Cáceres
Benedict Cotton,(245) 663-6723,nunc.ullamcorper@protonmail.net,285-3171 Nam Rd.,Castiglione a Casauria
Byron Rojas,(493) 477-8738,elit.pretium@outlook.edu,826-8348 Mattis. St.,Juárez
Alvin King,1-208-511-6165,maecenas.iaculis@hotmail.com,6260 Quisque St.,Massenhoven
Kaye Heath,(519) 503-6421,nulla.cras@yahoo.net,811-9800 Etiam St.,Whitehorse
Aladdin Mayo,1-651-934-8433,convallis.in@protonmail.com,"3105 Dolor, Avenue",Mission
Ayanna Rasmussen,(488) 873-1312,nulla.semper.tellus@protonmail.org,Ap #374-6470 Nisi. Av.,Arviat
Carl Mack,(350) 484-0144,leo.morbi.neque@protonmail.com,"P.O. Box 404, 1345 Orci, St.",Arequipa
Thaddeus Wilkinson,1-725-778-8773,quisque.nonummy@aol.net,761-2461 Sit Rd.,Darıca
Karleigh Cox,(636) 861-0256,senectus.et.netus@aol.com,"164-1794 Odio, Road",Chungju
Hashim England,(439) 446-6164,at@aol.net,Ap #501-3423 Fusce St.,Srinagar
Neve Cervantes,(332) 312-5882,massa.non@yahoo.edu,Ap #116-7783 Dolor Rd.,Gladstone
Amaya Valentine,1-478-827-6015,sed.molestie@aol.edu,5443 Arcu. Street,Estevan
Petra Hancock,(789) 388-4994,vitae.odio@aol.edu,394-9682 Sollicitudin St.,Troyes
