city,firstname,lastname,phone,email,address,state
Lakewood,Naomi,Oldfield,7-418-017-1121,Naomi_Oldfield394@gembat.biz,"Clavell   Walk, 2099",Hawaii
San Jose,Ronald,Vaughn,4-685-187-6788,Ronald_Vaughn5814@atink.com,"Thomas More   Vale, 65",Nevada
San Bernardino,William,Morley,7-580-605-8484,William_Morley5841@gembat.biz,"King Edward  Rue, 1645",Pennsylvania
Fort Lauderdale,Charlotte,Hogg,3-324-086-1024,Charlotte_Hogg9738@deavo.com,"Calverley  Vale, 9826",Georgia
Fullerton,Elijah,Groves,3-838-884-7556,Elijah_Groves9362@guentu.biz,"Bocking   Tunnel, 7246",West Virginia
Wien,Bethany,Wise,3-585-454-1731,Bethany_Wise8930@sheye.org,"King Route, 8347",Florida
Tokyo,Vanessa,Wheeler,4-570-728-2878,Vanessa_Wheeler2917@guentu.biz,"Aberavon  Boulevard, 4782",Illinois
Washington,Helen,Adler,6-140-147-8140,Helen_Adler6859@elnee.tech,"Abbey   Road, 1265",Idaho
Garland,Ryan,Ward,8-525-700-3066,Ryan_Ward2904@deavo.com,"Paris   Route, 2598",North Carolina
Glendale,Henry,Mcgregor,6-375-482-3760,Henry_Mcgregor3564@brety.org,"Woodland Way, 2736",New Mexico
Valetta,Kurt,Summers,0-723-625-7504,Kurt_Summers5066@grannar.com,"Wakley   Street, 3974",North Carolina
Bakersfield,Enoch,Dann,2-868-876-8433,Enoch_Dann2778@hourpy.biz,"Beatty  Avenue, 5848",Utah
Sacramento,Angel,Patel,2-657-163-7472,Angel_Patel237@womeona.net,"Bacton   Crossroad, 6068",Florida
Springfield,Manuel,Chapman,0-502-646-7763,Manuel_Chapman935@cispeto.com,"Heritage Tunnel, 1130",Arkansas
Kansas City,Nate,Huggins,0-512-275-8682,Nate_Huggins8275@vetan.org,"Westcott  Road, 5507",Tennessee
Paris,Julian,Milner,5-178-075-4382,Julian_Milner5091@sheye.org,"Littlebury  Alley, 9054",Ohio
Dallas,Robyn,Whatson,0-612-871-5420,Robyn_Whatson6137@famism.biz,"Bocking   Grove, 2472",Delaware
Lincoln,Andie,Woodcock,3-802-728-5504,Andie_Woodcock6824@liret.org,"Clere  Route, 6709",South Dakota
Hollywood,Lorraine,Wooldridge,8-518-645-5515,Lorraine_Wooldridge63@acrit.org,"Victoria  Walk, 1893",Massachusetts
Murfreesboro,Wade,Camden,7-248-770-5510,Wade_Camden6353@grannar.com,"Archery  Boulevard, 8010",Indiana
Hayward,Denny,Parker,8-886-785-4604,Denny_Parker1763@fuliss.net,"Elf  Route, 7342",Ohio
Bridgeport,Michael,Niles,8-843-714-3486,Michael_Niles8688@bungar.biz,"Chancellor  Boulevard, 5360",Virginia
Philadelphia,Evie,Dowson,8-154-438-0411,Evie_Dowson8127@bulaffy.com,"Rosewood Road, 4034",Maine
Moreno Valley,Henry,Flack,1-062-020-1687,Henry_Flack306@extex.org,"Catherine  Pass, 9408",Nevada
Detroit,Ryan,Phillips,0-640-072-1871,Ryan_Phillips4438@fuliss.net,"Battis   Vale, 8389",California
Toledo,Kirsten,Kerr,6-237-882-4378,Kirsten_Kerr4948@sheye.org,"Bell    Tunnel, 2144",Virginia
Miami,Mayleen,Mcguire,6-165-825-0676,Mayleen_Mcguire6933@kideod.biz,"Lincoln Hill, 1674",Arizona
Philadelphia,William,Lane,5-018-257-5835,William_Lane1772@typill.biz,"King Vale, 7003",Kansas
Sacramento,Sara,Jones,5-017-276-0885,Sara_Jones6685@supunk.biz,"Hamilton  Alley, 4654",Tennessee
Phoenix,Cadence,Griffiths,7-314-523-4011,Cadence_Griffiths3131@bretoux.com,"Ben   Road, 647",California
